{"cameraMode":{"drawMode":0,"name":"Shaded","section":"Shading Mode"},"sceneLighting":true,"audioPlay":false,"sceneViewState":{"showFog":true,"showMaterialUpdate":false,"showSkybox":true,"showFlares":true,"showImageEffects":true,"showParticleSystems":true},"in2DMode":false,"pivot":{"x":0.668397068977356,"y":-5.877315521240234,"z":15.252373695373536},"rotation":{"x":0.41259264945983889,"y":0.019126947969198228,"z":-0.008665718138217926,"w":0.9106735587120056},"size":23.158729553222658,"orthographic":true}